id,firstName,lastName,adp,projectedPoints,positionRank,slotName,teamName,lineupStatus,byeWeek
ddb9823e-352b-4c96-98a2-193976b47d83,Jonathan,Taylor,1.5,20.9,RB1,RB,Indianapolis Colts,,
865d3b95-97a2-4c31-aa2a-8b69096ec803,Christian,McCaffrey,1.7,22.3,RB2,RB,San Francisco 49ers,,
220037fe-e4de-4b48-bebd-9de498b727cf,Jahmyr,Gibbs,3.2,18.7,RB3,RB,Detroit Lions,,
344ea209-f7d4-4816-a61d-b195a68fc495,Bijan,Robinson,4.9,17.3,RB4,RB,Atlanta Falcons,,
242a2cf0-cfb4-46a1-8f5c-7a83625f487e,Ja'Marr,Chase,5.3,17.6,WR1,WR,Cincinnati Bengals,,
58282ad9-f860-4592-b6b7-d1e2b641beeb,Puka,Nacua,5.7,18.1,WR2,WR,Los Angeles Rams,IN,
5385dc40-fe7d-422c-b253-702b99b86abd,Rashee,Rice,7.4,15.5,WR3,WR,Kansas City Chiefs,,
b8a9ee56-f465-424b-9289-b4689fd176af,Josh,Jacobs,8.2,17.6,RB5,RB,Green Bay Packers,,
b68ebed9-ca3e-42d0-bd80-e5e286f91c34,Amon-Ra,St. Brown,8.9,16.5,WR4,WR,Detroit Lions,,
cc595d40-2f7d-4ca5-963f-3a9fbda43586,Kyren,Williams,10.4,16.3,RB6,RB,Los Angeles Rams,,
053d5c74-e12a-4dd4-9433-25f181ce46eb,James,Cook,11.7,15.9,RB7,RB,Buffalo Bills,,
7260a3a6-0316-45d4-bc0d-fb7938e670dd,Kimani,Vidal,12.3,15.4,RB8,RB,Los Angeles Chargers,,
651a5f9a-9bf0-42a3-bf86-620755b24323,Patrick,Mahomes,13.9,22.8,QB1,QB,Kansas City Chiefs,,
83f3142e-0b92-45a5-839e-36a25bb1ceb2,Justin,Jefferson,13.9,13.7,WR5,WR,Minnesota Vikings,,
42428246-2ef4-4c0e-95a7-57b757634ae5,Josh,Allen,14.9,22.5,QB2,QB,Buffalo Bills,,
cdadccf4-8c03-43f2-b3a7-cb9f104c6c53,Ashton,Jeanty,17.7,15.4,RB9,RB,Las Vegas Raiders,,
40b18012-9a46-438f-967c-af4207c8e3a4,Jaylen,Warren,18.7,13.4,RB10,RB,Pittsburgh Steelers,,
a9344f6b-acfa-4f9a-b515-ca5b24408910,Davante,Adams,19.2,13.1,WR6,WR,Los Angeles Rams,,
127dc22f-bb30-4a7c-823b-eae459b25b13,Rome,Odunze,20,12,WR7,WR,Chicago Bears,IN,
ba6899a2-e0a2-4432-bd1b-20cf44e13708,Tyler,Warren,20.2,11.6,TE1,TE,Indianapolis Colts,,
9aa051c2-1979-41a6-bb36-069f6418e66a,Chase,Brown,23.9,11.7,RB11,RB,Cincinnati Bengals,,
448b2d3b-1c34-48f6-9f96-48bbbc46d9d4,Tucker,Kraft,24.3,11.9,TE2,TE,Green Bay Packers,,
ec6e5408-c361-418d-9534-519b06f03f76,Ladd,McConkey,24.8,12.2,WR8,WR,Los Angeles Chargers,,
e841b84c-557c-4cd9-9df4-1a44614cc003,Tyrone,Tracy,25.5,12.1,RB12,RB,New York Giants,,
67c4e5a6-87aa-4d61-ba36-d5ad278ff527,Nico,Collins,26,13.6,WR9,WR,Houston Texans,IN,
49dbf7c5-cea2-4de3-a37f-bff1e3f6be4c,George,Kittle,26.7,12,TE3,TE,San Francisco 49ers,,
cc471a51-0e91-4d92-b955-e6cd46137d49,Brock,Bowers,28.1,11.2,TE4,TE,Las Vegas Raiders,IN,
dda7f1f2-59dc-45bf-99a6-053e052aeacc,DK,Metcalf,29,11.6,WR10,WR,Pittsburgh Steelers,,
875595a6-b46e-4655-8d45-4c450923d10d,Travis,Etienne Jr.,30.2,11.3,RB13,RB,Jacksonville Jaguars,,
a901b7da-b6df-4fd9-996a-6f2299353875,Michael,Pittman Jr.,31.3,11.6,WR11,WR,Indianapolis Colts,,
770e77ea-27b6-4106-a2d7-eb857ff44acb,Drake,London,32.5,13,WR12,WR,Atlanta Falcons,IN,
0bcd826b-a812-4e73-88ba-519cca1e86d5,Oronde,Gadsden,34,10.1,TE5,TE,Los Angeles Chargers,,
03192a06-8cd9-46f2-b22a-a3b4c3377f83,Justin,Herbert,35.5,20.4,QB3,QB,Los Angeles Chargers,,
9acde481-5f3c-4b3f-adab-6e2891c3e45d,Drake,Maye,37.1,21.5,QB4,QB,New England Patriots,,
91e7652c-72a2-494a-b674-072126cc207c,Travis,Kelce,37.6,9.8,TE6,TE,Kansas City Chiefs,,
e721abaa-fa60-46ce-952d-c9dfc78b5705,Brian,Thomas,38.1,11.7,WR13,WR,Jacksonville Jaguars,IN,
922695d2-4e30-4694-be6b-8ac41ffe28a7,Kareem,Hunt,38.9,10.7,RB14,RB,Kansas City Chiefs,,
9c173da5-a4a7-4355-bfc1-4e1b2c97fc3a,Xavier,Worthy,39.6,10,WR14,WR,Kansas City Chiefs,,
95480a66-d162-4a46-9930-f146c59ed3ab,Chris,Olave,42.3,12.1,WR15,WR,New Orleans Saints,,
766b3bfb-2a65-4218-9ed7-97102dcf5df7,Tee,Higgins,43.2,11.3,WR16,WR,Cincinnati Bengals,,
026c2c97-20fa-407b-bf15-bc359ed18f3b,Rico,Dowdle,43.5,9.6,RB15,RB,Carolina Panthers,,
c8a87d98-f286-4365-a504-4fbe2ded7005,Daniel,Jones,44.6,18.9,QB5,QB,Indianapolis Colts,,
43d4f5d4-9bf4-40f2-9640-936afaa0b6c1,Stefon,Diggs,44.7,11.9,WR17,WR,New England Patriots,,
5d6d05e0-efbe-413b-9229-cfe0a4da09d1,Sam,LaPorta,45.2,10.2,TE7,TE,Detroit Lions,,
dbfe6b6a-2f16-4560-8547-849af27a127e,Caleb,Williams,48.3,18.1,QB6,QB,Chicago Bears,,
92471026-1f01-403c-9073-e3cb762b937d,David,Montgomery,49.5,10.6,RB16,RB,Detroit Lions,,
327321ad-b450-4ce2-b7ff-199b7ebd1df8,Jaxson,Dart,49.9,20.2,QB7,QB,New York Giants,,
5f8b1995-2276-4af5-a371-643ac3ce9e4e,Jordan,Addison,52,10,WR18,WR,Minnesota Vikings,,
82f637b2-d6ae-41a0-ab02-3621f34821c4,Tetairoa,McMillan,53.3,10.9,WR19,WR,Carolina Panthers,,
e47dd1a7-42e5-4513-8a78-a08b946d8d85,TreVeyon,Henderson,53.9,11.8,RB17,RB,New England Patriots,,
f7b2f12e-9a0f-430d-8e48-5e7944924fdf,Jameson,Williams,54.6,9.7,WR20,WR,Detroit Lions,,
698849d6-b238-4611-9814-0c99d5011c6f,Jordan,Love,55.7,18.3,QB8,QB,Green Bay Packers,,
c7e1b737-c242-4df6-9dda-500d7377935f,Kyle,Monangai,56.1,15.2,RB18,RB,Chicago Bears,,
5bf01e05-5470-40b7-acd5-ec18c94cac9a,Keenan,Allen,56.8,11.4,WR21,WR,Los Angeles Chargers,,
eac564bf-62b3-4c55-81fa-f4901700b711,Kyle,Pitts,58.2,8.4,TE8,TE,Atlanta Falcons,,
36a45fd1-e5df-43d7-9dfb-f96e62c7499c,J.K.,Dobbins,58.2,11.6,RB19,RB,Denver Broncos,,
41bb3f60-6ab5-475c-95b2-95868a6d78af,Khalil,Shakir,58.6,11.2,WR22,WR,Buffalo Bills,,
08937add-4af7-4b9f-9e23-0f5c92bb4c80,Matthew,Stafford,60,17.4,QB9,QB,Los Angeles Rams,,
e837fcf3-2ca8-4232-96c8-bb3565a1d4ad,Dalton,Kincaid,60,8.7,TE9,TE,Buffalo Bills,,
825e84e3-930f-4f80-829b-08081aca08bd,Jared,Goff,61,18.7,QB10,QB,Detroit Lions,,
5900ad94-b7ec-465f-ae80-1c662105d792,Hunter,Henry,62,8.7,TE10,TE,New England Patriots,,
913300e5-70fe-4350-906d-4a1a266f51b5,Courtland,Sutton,62.2,10.8,WR23,WR,Denver Broncos,,
2987938a-a63c-408c-b8b2-d41e6a6e42da,D.J.,Moore,63.1,9.4,WR24,WR,Chicago Bears,,
ce9d3453-2e5e-4e81-87fb-5f56ee98954f,Wan'Dale,Robinson,63.4,11.1,WR25,WR,New York Giants,,
0b4a7381-b2b5-4f44-ba83-ff5f77ae8d6e,Romeo,Doubs,65.7,9,WR26,WR,Green Bay Packers,,
9b67036a-e98b-4130-8ba0-088bab10027e,Theo,Johnson,66.3,7.2,TE11,TE,New York Giants,,
56922ab9-2b8e-43a6-ae7e-9c47ce747239,Jauan,Jennings,67,9.4,WR27,WR,San Francisco 49ers,,
a9fa2563-8944-45cf-8736-ecf0a8c8ceed,Trevor,Lawrence,67.2,17.4,QB11,QB,Jacksonville Jaguars,,
d6a32137-696f-4cd5-bc65-a0f5e02949f2,Colston,Loveland,67.3,5.4,TE12,TE,Chicago Bears,,
7069d018-3673-4a40-b130-c1449dda5094,Kayshon,Boutte,69,8.5,WR28,WR,New England Patriots,,
f8e626e1-a8ce-47ea-a169-e4732b076126,Joe,Flacco,69.7,16.3,QB12,QB,Cincinnati Bengals,QUESTIONABLE,
c5d9d42b-f4c3-4904-a3ce-c2fd737ec302,Juwan,Johnson,69.7,7.3,TE13,TE,New Orleans Saints,,
1e25932d-f26a-4300-a6ff-5b52c59823f9,Bo,Nix,69.8,18.1,QB13,QB,Denver Broncos,,
b6329787-635b-4304-a9b3-0dda8490e946,Quentin,Johnston,70,9.3,WR29,WR,Los Angeles Chargers,,
faed16ef-7a89-4fb6-840c-a651a6b728a0,T.J.,Hockenson,70.3,7,TE14,TE,Minnesota Vikings,,
1f1a5081-aaf1-48f9-a8ee-f992872ee319,Brock,Purdy,70.4,0,QB14,QB,San Francisco 49ers,QUESTIONABLE,
e152b13f-0bbe-4d7d-8fe4-3c432f800fe6,Alvin,Kamara,70.4,9.4,RB20,RB,New Orleans Saints,QUESTIONABLE,
96ae4136-c9f4-4ff2-bba4-ac586491f2ce,Aaron,Rodgers,70.5,16.5,QB15,QB,Pittsburgh Steelers,,
3d3150c3-9ad6-419f-a6f8-320cd57058e4,Alec,Pierce,70.5,7,WR30,WR,Indianapolis Colts,,
6581af55-ef51-4f1e-9e43-2fa4b4267bfc,Jonnu,Smith,70.6,7.2,TE15,TE,Pittsburgh Steelers,,
8278939a-6f5f-40d2-99f2-1521f53cdeb2,Tyjae,Spears,70.7,8.4,RB21,RB,Tennessee Titans,,
9b41763b-2bbc-44a9-85b0-e6fa94e08e31,J.J.,McCarthy,70.7,16.2,QB16,QB,Minnesota Vikings,IN,
3d39972e-a10d-48d7-9a10-d7e94706f4ab,Woody,Marks,70.9,9.7,RB22,RB,Houston Texans,IN,
fb395db3-0906-48b6-8605-80e08ed91150,Josh,Downs,71,7.9,WR31,WR,Indianapolis Colts,IN,
e235fd6a-5b93-4812-86e5-18221fc5526c,Keon,Coleman,71.2,7.8,WR32,WR,Buffalo Bills,,
3c3b6b05-100c-49c5-aae4-9784325f2214,Jakobi,Meyers,71.2,10.1,WR33,WR,Las Vegas Raiders,IN,
1d499596-38c8-4cec-b1a9-f003c3ed09dc,Christian,Watson,71.4,7.3,WR34,WR,Green Bay Packers,,
ea8e742f-2ce5-402e-8737-adcf6987440c,Troy,Franklin,71.4,8.2,WR35,WR,Denver Broncos,,
72d745fa-2dcd-473f-b197-fa35472e40fb,Tony,Pollard,71.4,7.8,RB23,RB,Tennessee Titans,,
785a9b05-955d-4969-918d-8a9ae2c8cfe5,Brashard,Smith,71.5,6.2,RB24,RB,Kansas City Chiefs,,
6aef461d-7d5b-4b1e-9eff-c39ae113f542,Darius,Slayton,71.5,7.8,WR36,WR,New York Giants,,
dbc5f7b4-fe17-4521-b3e7-e93a7837c21a,Mac,Jones,71.5,14.5,QB17,QB,San Francisco 49ers,,
b5e6fcdd-e3de-4afe-8da9-fabd0e9a697b,Michael,Penix,71.5,15.1,QB19,QB,Atlanta Falcons,IN,
821ea425-631a-4a8c-9b3d-32ee45a2d358,Bryce,Young,71.5,14.7,QB18,QB,Carolina Panthers,IN,
835163c0-12ad-462e-bf86-40d9eb48be20,Evan,Engram,71.6,7.3,TE16,TE,Denver Broncos,,
11da13e9-0f01-4979-80f3-3dfcb07c0f7f,Parker,Washington,71.6,7.9,WR37,WR,Jacksonville Jaguars,,
49daefd7-05f1-46f2-bca8-aa229b175da4,C.J.,Stroud,71.6,15,QB20,QB,Houston Texans,,
35278964-5c6a-40f4-bf13-39a51d651d48,Aaron,Jones,71.6,8.6,RB25,RB,Minnesota Vikings,,
1791d707-8525-454e-9115-5ae8445d72ff,Chimere,Dike,71.7,7.5,WR38,WR,Tennessee Titans,,
b200f206-fc5e-4f2b-a124-c30955f22cf4,Tre,Tucker,71.7,8.4,WR39,WR,Las Vegas Raiders,,
790c45a6-250e-45b5-b72f-b5c9ec29390a,Rashid,Shaheed,71.7,9.6,WR40,WR,New Orleans Saints,QUESTIONABLE,
86ba2b2c-ae15-42b8-8fbd-7a86088709f2,Roman,Wilson,71.7,4,WR41,WR,Pittsburgh Steelers,,
4b4f1fdf-734e-4c17-9f9b-51d60db6002b,Demarcus,Robinson,71.7,3.5,WR42,WR,San Francisco 49ers,,
864ae081-1324-4324-b992-bc7b15deb18a,Jordan,Mason,71.8,8.1,RB26,RB,Minnesota Vikings,,
4fce0a95-2b03-47d9-b583-0ff9ebc4de7b,Kendrick,Bourne,71.8,7.9,WR43,WR,San Francisco 49ers,,
3804a8e8-2c73-4a7d-8c21-54294049b260,Brian,Robinson,71.8,3.3,RB27,RB,San Francisco 49ers,,
4b752b2f-40a4-4a0f-a2be-b3911d1cb65d,Noah,Fant,71.9,7.2,TE17,TE,Cincinnati Bengals,,
2865d6d3-59a7-4ead-a02a-83bdf2190336,Gunnar,Helm,71.9,3.7,TE18,TE,Tennessee Titans,,
2ebb3d29-3dbd-4e21-b8ca-c53e35641876,JuJu,Smith-Schuster,71.9,3.7,WR44,WR,Kansas City Chiefs,,
ca7118ce-b746-4001-89fc-03eab8206041,Matthew,Golden,71.9,6.1,WR45,WR,Green Bay Packers,,
ff8f466f-4199-46a6-a9c5-d557d32467ca,Drew,Ogletree,71.9,0.9,TE19,TE,Indianapolis Colts,,
4141a86c-5d10-4e17-b6ea-b37955012d00,Pat,Freiermuth,71.9,5,TE20,TE,Pittsburgh Steelers,IN,
9b1b8479-13ae-42d8-a5c5-0c5e4d6a3a66,Dalton,Schultz,71.9,6.8,TE21,TE,Houston Texans,QUESTIONABLE,
9c12c150-92db-4f12-8861-e9dc3ac5b20a,DeeJay,Dallas,71.9,0.2,RB28,RB,Carolina Panthers,,
e712294f-0c51-4040-b758-1572226103fd,Dyami,Brown,71.9,6.6,WR46,WR,Jacksonville Jaguars,,
a835ce1d-202f-4d44-b4c1-c2cd282ad737,Nick,Chubb,71.9,6.5,RB29,RB,Houston Texans,,
e79dfc16-ecfd-4742-bf7e-fa77e3f4bb67,RJ,Harvey,71.9,6,RB30,RB,Denver Broncos,,
cf23da88-a7a7-40fd-a00e-82ca7dfcf6d7,Geno,Smith,71.9,16.5,QB21,QB,Las Vegas Raiders,,
c6fce0a5-6770-4c20-b693-e7d15ffb5a49,Elic,Ayomanor,71.9,7.3,WR48,WR,Tennessee Titans,,
41291df0-c46d-4abd-983d-4ebfa86adf3d,Emanuel,Wilson,71.9,7,RB31,RB,Green Bay Packers,,
7e933623-1e04-43c8-955b-56248d32848a,Isaac,TeSlaa,71.9,4.7,WR47,WR,Detroit Lions,,
40210746-3f67-4283-ba5a-d70ffb728ee5,Harrison,Bryant,71.9,0.9,TE22,TE,Houston Texans,,
4fd2e8d4-8db1-4f36-9c07-13393b7dd014,Darnell,Mooney,72,8.3,WR49,WR,Atlanta Falcons,,
931c0c4a-4cf1-4e0d-9225-3e35ffd6cf14,Dawson,Knox,72,4.3,TE24,TE,Buffalo Bills,,
2e4119a1-f359-4a5e-b71a-6c32d6196d2c,Noah,Gray,72,2.4,TE23,TE,Kansas City Chiefs,,
dfb771b8-4dc7-498e-88be-a65e6b9ed6a9,Samaje,Perine,72,8.3,RB33,RB,Cincinnati Bengals,,
c3ae49d5-5d5c-46b1-98b3-e85e209c2657,Terrell,Jennings,72,5.8,RB32,RB,New England Patriots,,
02f69600-0338-4df8-9d4c-19b78e5dd202,Ja'Tavion,Sanders,72,4.7,TE26,TE,Carolina Panthers,,
ead10ad5-11f3-4667-bef6-8a1e2bb9608a,Tyler,Higbee,72,3.4,TE25,TE,Los Angeles Rams,,
3919604d-4ff2-472d-aed9-80ad315315f5,Cole,Kmet,72,2.5,TE27,TE,Chicago Bears,IN,
3374fcb1-1480-4754-9a76-bcf0350c3934,Riley,Leonard,72,0,QB22,QB,Indianapolis Colts,,
f7bbac3c-b78b-4f14-86fb-c02c83f4e0e0,Hunter,Long,72,4.9,TE30,TE,Jacksonville Jaguars,,
cfe83713-ae73-4b74-931a-d48808e97947,Taysom,Hill,72,3.7,TE28,TE,New Orleans Saints,,
5d5e9feb-2d40-469c-9c23-11f53a7c7e5e,Darnell,Washington,72,3.4,TE29,TE,Pittsburgh Steelers,,
a9be82e2-e7e6-4d12-9005-052c5a2376a9,Savion,Williams,72,0.7,WR50,WR,Green Bay Packers,,
2abd8577-f50d-450b-81cf-3354cc76e633,Jaylin,Noel,72,4,WR51,WR,Houston Texans,,
76bf7ccc-66ca-4a29-8ce2-18fe9f6683a9,Tyler,Shough,,13.6,,QB,New Orleans Saints,,
ea242231-4c54-4c40-a0f7-a20282564559,Cam,Ward,,13,,QB,Tennessee Titans,,
07626f0e-fd31-456b-895d-61164e944054,Calvin,Austin III,,7.5,,WR,Pittsburgh Steelers,,
1301d7a4-dbf8-4050-a6a5-b7c3e9194cbd,Kenneth,Gainwell,,7.2,,RB,Pittsburgh Steelers,,
7b314a92-b8c7-4c27-b625-36c0398864f3,Christian,Kirk,,6.7,,WR,Houston Texans,IN,
61d5046f-fd83-426f-b112-b4c4de64cf2a,Olamide,Zaccheaus,,6.6,,WR,Chicago Bears,IN,
a0bd9442-fbea-47ab-821d-b5509886d94c,Tyler,Allgeier,,6.4,,RB,Atlanta Falcons,,
70ed54e4-5e6e-4a96-a0b0-e5a9c707f190,Chuba,Hubbard,,6.2,,RB,Carolina Panthers,,
c3ba1817-9e71-4444-bf59-c488e3120e46,Jalen,Coker,,6.1,,WR,Carolina Panthers,,
d36c4777-0dc9-40c9-a180-0973b7e46e61,Xavier,Legette,,6,,WR,Carolina Panthers,,
1ab3a3cf-8d48-43d6-b25e-f68205cd94b5,Mack,Hollins,,6,WR45,WR,New England Patriots,,
47fa8bc7-db02-4e6c-bf68-b159a5283d65,Bhayshul,Tuten,,6,RB33,RB,Jacksonville Jaguars,,
0524d0ca-b054-4862-bb40-eefffebf1c6f,Pat,Bryant,,5.3,,WR,Denver Broncos,,
bc09e83b-b451-4720-926b-bc424ce27464,Devin,Neal,,5.3,,RB,New Orleans Saints,,
a623059f-c5b6-4bbe-a27c-fc05ede1fe7e,Chig,Okonkwo,,5.2,TE21,TE,Tennessee Titans,,
7aeea31b-21e7-485a-bcb4-fae3135185fa,Travis,Homer,,4.8,,RB,Chicago Bears,,
a0ba1fa3-d2f2-4f12-8143-ef84f1d5c100,Van,Jefferson,,4.8,,WR,Tennessee Titans,,
657d31e4-3457-4d8e-a663-c2f834ed1769,Blake,Corum,,4.7,,RB,Los Angeles Rams,,
9b77c1f5-08d9-49d6-ad07-8c516fb6215e,Hollywood,Brown,,4.6,WR42,WR,Kansas City Chiefs,,
141821aa-6005-42b0-9db2-84385cf70581,Andrei,Iosivas,,4.6,,WR,Cincinnati Bengals,,
ef7a28f0-3254-44bf-8e17-d3ff02db22b0,Ty,Johnson,,4.2,,RB,Buffalo Bills,,
5af25890-23c0-4d25-9c81-55480ced0f4c,Devin,Singletary,,4.2,,RB,New York Giants,,
54060eb7-ac94-4a49-bf9a-8f13d9583bf5,Jordan,Whittington,,3.9,,WR,Los Angeles Rams,,
bf0192a0-ef0a-4046-90b7-43162ef27f2c,DeMario,Douglas,,3.8,,WR,New England Patriots,,
7b076f59-18df-40a2-aa88-8d8eb8e6e601,Jayden,Higgins,,3.8,,WR,Houston Texans,,
00a22b3a-ec26-431a-842a-e54548b93353,Jalen,Nailor,,3.7,,WR,Minnesota Vikings,,
39441c9f-dae9-4354-80af-b9949beb2070,Raheem,Mostert,,3.6,,RB,Las Vegas Raiders,,
da11b7a7-3695-4502-a5b1-2bb662054978,Ray,Davis,,3.4,,RB,Buffalo Bills,,
67ef2011-e0d3-41a0-a582-945ac49705dc,Curtis,Samuel,,3.3,,WR,Buffalo Bills,,
4d07bbe4-0c3a-40af-ba5f-8b83fb53bd8f,Lil'Jordan,Humphrey,,3.2,,WR,New York Giants,,
76201003-5162-444f-98e8-580209a26880,Jack,Bech,,3.1,,WR,Las Vegas Raiders,,
e286178e-5a8b-408f-8738-c5e026c93dd9,Brandin,Cooks,,3.1,,WR,New Orleans Saints,,
9c7ad35b-6ffa-4122-9991-ee9c2ad2e2d5,Xavier,Hutchinson,,3.1,,WR,Houston Texans,,
9fca1bc4-500e-481c-8cb0-be62805d203f,Tyrell,Shavers,,3,,WR,Buffalo Bills,,
2f2a235c-1b1d-4ae1-abcd-787a9d770aa2,Michael,Mayer,,3,,TE,Las Vegas Raiders,,
e285c5ba-f765-45ac-9e4d-b511e3043cdf,Austin,Hooper,,2.9,,TE,New England Patriots,,
a2d93ee5-6840-447a-ae61-d23671a68ef9,KhaDarel,Hodge,,2.9,,WR,Atlanta Falcons,,
5c1ea045-33f9-4e39-a87e-ad80dfc77c66,Drew,Sample,,2.8,,TE,Cincinnati Bengals,,
80e61884-8eab-4946-b356-37864abb8ce5,Malik,Heath,,2.7,,WR,Green Bay Packers,,
632ae861-207a-40bd-bdae-f190c1a409cd,LeQuint,Allen,,2.7,,RB,Jacksonville Jaguars,,
a7a600a1-2122-4f76-9b5a-8094f2ae1841,Xavier,Smith,,2.6,,WR,Los Angeles Rams,,
2bd12ba7-bcd5-43e5-bc7c-30852b6f10a6,Elijah,Moore,,2.5,,WR,Buffalo Bills,,
96f9b932-a163-4f44-a5b7-b4872d902637,Tommy,Tremble,,2.4,,TE,Carolina Panthers,,
0f35b76f-0fa7-4a88-a9cf-13ce76ec30d5,Adam,Trautman,,2.4,,TE,Denver Broncos,,
60e5a5f0-b738-4529-af90-a96153e0642d,Tre',Harris,,2.3,,WR,Los Angeles Chargers,,
3347fc8a-1bce-44b3-89e1-31021374187b,Jimmy,Horn,,2.1,,WR,Carolina Panthers,IN,
a2b6ba7b-c003-4f67-94e0-8bcaa69d42f5,Jordan,Watkins,,2,,WR,San Francisco 49ers,,
75ec24ef-59db-4d0f-90e0-a2f0e206d061,Luke,Musgrave,,2,,TE,Green Bay Packers,,
2b994a82-5f49-47b6-a4cd-4d00f0b5b129,Johnny,Mundt,,2,,TE,Jacksonville Jaguars,,
82fa29e5-925a-43c0-98a1-a98b513d3b9f,Dont'e,Thornton,,1.9,,WR,Las Vegas Raiders,,
843f3b85-b69b-4a79-aad1-1c120fd21804,Devin,Duvernay,,1.9,,WR,Chicago Bears,,
7368d0d2-262c-4b8e-9d69-b7a08c603a06,Skyy,Moore,,1.9,,WR,San Francisco 49ers,,
1a8aceca-6db5-4753-95e4-0dbc7c2604a1,Tyler,Badie,,1.9,,RB,Denver Broncos,,
d37ec8d5-d6b0-4903-b4e2-5fadbde93fa4,Bryce,Oliver,,1.8,,WR,Tennessee Titans,QUESTIONABLE,
ffde878c-cc16-4124-9ff4-47584e603cb9,David,Sills,,1.7,,WR,Atlanta Falcons,,
333c5454-60a9-4e2a-add8-dab380dc4894,Kyle,Williams,,1.7,,WR,New England Patriots,,
16cf6717-9060-4d09-a7d0-07bc32192f34,Ameer,Abdullah,,1.7,,RB,Indianapolis Colts,,
f0e05ef8-84d1-49e9-bf7b-f0417e2ae0c9,Kalif,Raymond,,1.6,,WR,Detroit Lions,,
a2c2f559-13a6-4990-80e8-e9852d81b41e,Terrance,Ferguson,,1.6,,TE,Los Angeles Rams,,
e1b734a8-04d1-4cf9-ae82-690bcf68d886,Elijah,Mitchell,,1.5,,RB,Kansas City Chiefs,,
ab15d9c6-9fb3-42fa-9152-21fc3f69df11,Davis,Allen,,1.5,,TE,Los Angeles Rams,,
0d54e9c4-ba54-495f-becf-aa8b6e9a2885,Chris,Manhertz,,1.5,,TE,New York Giants,,
7001e8a4-0dfa-4b36-b00c-e06d6c25a59a,Devaughn,Vele,,1.4,,WR,New Orleans Saints,,
131cf130-14a6-4e3b-9c1b-026ff88228d7,Mitchell,Evans,,1.4,,TE,Carolina Panthers,,
d3a3769a-06cf-479d-916f-4d768ab75cd0,Ben,Yurosek,,1.4,,TE,Minnesota Vikings,,
f28bd46d-0aa6-4c54-a796-34f426b14d5f,Adam,Thielen,,1.4,,WR,Minnesota Vikings,,
c3eb5246-ca36-4c26-93dd-1e947e78c6de,Trent,Sherfield,,1.4,,WR,Denver Broncos,,
a1f51c1a-8095-4000-a8cb-14902fdecbf8,Tyquan,Thornton,,1.3,,WR,Kansas City Chiefs,,
254305e8-3e38-4a5a-933a-665c984e94d9,Tahj,Brooks,,1.2,,RB,Cincinnati Bengals,,
5215c7d7-2695-487d-b9c5-a6726d801504,Kyle,Juszczyk,,1.2,,RB,San Francisco 49ers,,
25acd1c7-a0dc-4337-945f-cea274504056,Chris,Brooks,,1.2,,RB,Green Bay Packers,,
847b63f1-e984-4058-b382-e53cdbb9311c,Julius,Chestnut,,1.2,,RB,Tennessee Titans,,
b72d7134-c1e0-43a6-a403-5a1d5862e7cf,Jalin,Hyatt,,1.1,,WR,New York Giants,,
5825ae19-9aa9-4a03-9119-0b233ecea0c9,Jake,Tonges,,1,,TE,San Francisco 49ers,,
573a0c19-218c-44d0-a31d-68f2c29da945,Colby,Parkinson,,1,,TE,Los Angeles Rams,,
034c131d-8ef6-468b-a74c-1184dac6b92f,Brock,Wright,,0.8,,TE,Detroit Lions,,
3ce6c2ad-0f15-4dce-9f1b-63c64e545422,Jackson,Hawes,,0.8,,TE,Buffalo Bills,,
d138a2fe-ba0c-4377-a473-c01eadcb51f8,Beaux,Collins,,0.8,,WR,New York Giants,,
2d2ed7f7-416d-4815-8649-bfffcdf3ba33,Trevor,Etienne,,0.8,,RB,Carolina Panthers,,
cc07f87f-d33c-418a-a1d2-02cd7e15b0dd,Kaleb,Johnson,,0.7,,RB,Pittsburgh Steelers,,
e7642245-debf-44e3-b3ec-e5769fc57835,Brycen,Tremayne,,0.6,,WR,Carolina Panthers,,
09632727-76de-47ec-81b9-87e13e3e3c6b,Charlie,Woerner,,0.6,,TE,Atlanta Falcons,,
d951070b-29e6-4761-89ad-c59669c05ee3,Will,Dissly,,0.6,,TE,Los Angeles Chargers,QUESTIONABLE,
64ef6672-beae-40d5-98d0-dbbf1de39af7,Mitch,Tinsley,,0.6,,WR,Cincinnati Bengals,,
a915608d-e266-49df-9af7-8c1a25c4b2ef,Jarquez,Hunter,,0.6,,RB,Los Angeles Rams,,
e93c9da0-0dfd-40a5-a8f2-b16b215a7041,DJ,Giddens,,0.6,,RB,Indianapolis Colts,,
c7949908-697b-4003-a2b2-8765fbb7c0b7,Dare,Ogunbowale,,0.5,,RB,Houston Texans,,
c33f86fe-f3e7-450a-b3fb-65bae59da30e,Ian,Thomas,,0.5,,TE,Las Vegas Raiders,,
432d054b-3a9a-451a-9a3e-55ecec5bfa98,Efton,Chism,,0.5,,WR,New England Patriots,,
3c2eab79-2087-4559-bfc1-0ebf9a0d9ff6,Cam,Grandy,,0.5,,TE,Cincinnati Bengals,,
053dfc5e-b9d9-48b4-a10d-2ead23b6da25,Mo,Alie-Cox,,0.5,,TE,Indianapolis Colts,,
79ec58f3-78c2-4ded-975b-cb2787c898cc,Foster,Moreau,,0.5,,TE,New Orleans Saints,,
18c48545-fc78-4970-afc4-0979a4895eef,Tyler,Conklin,,0.5,,TE,Los Angeles Chargers,,
228078e9-6cbb-4527-a9e4-c7d7dbb0dc21,Alex,Bachman,,0.5,,WR,Las Vegas Raiders,,
35a16143-6935-4dcf-ad3f-01777b82520e,Durham,Smythe,,0.5,,TE,Chicago Bears,,
6dc28bbb-b338-4dc6-a305-98bf49822a51,Derius,Davis,,0.5,,WR,Los Angeles Chargers,,
8cd119a4-fce2-4437-a1d5-cee7190a1d3f,Adonai,Mitchell,,0.4,,WR,Indianapolis Colts,,
6b448e0e-8d5d-4e85-8575-53b5b33d6344,Zamir,White,,0.4,,RB,Las Vegas Raiders,,
bb387ecc-75e8-42cf-b48f-17a92b166e3a,Isaac,Guerendo,,0.3,,RB,San Francisco 49ers,,
7c73523a-74f2-48ac-9048-77beec363a26,Luke,Farrell,,0.3,,TE,San Francisco 49ers,,
e3d78aed-14c8-4450-a683-dba436a271db,Ashton,Dulin,,0.3,,WR,Indianapolis Colts,,
75f96aa1-c62e-4c07-86be-c23bbd254e92,Jared,Wiley,,0.3,,TE,Kansas City Chiefs,,
c81ef175-bedb-46ee-bbec-7351be39a454,Tyler,Goodson,,0.3,,RB,Indianapolis Colts,,
ab256c14-967a-4224-a6d9-8f4152eb1af7,Ben,Skowronek,,0.3,,WR,Pittsburgh Steelers,,
d66ca3df-d61e-4884-8477-4540f8092c86,Tucker,Fisk,,0.2,,TE,Los Angeles Chargers,,
c3f46ea6-17e3-47ac-800d-4e7355e84c9e,John,FitzPatrick,,0.2,,TE,Green Bay Packers,,
20280801-82bb-452a-a373-8de5477c4aa4,Jaleel,McLaughlin,,0.2,,RB,Denver Broncos,,
44334ad5-e6ff-4e65-ab45-1dde7b6defea,Jalen,Royals,,0.2,,WR,Kansas City Chiefs,,
dc368d25-34a3-4bba-b854-a165c424c8b5,Jamal,Agnew,,0.2,,WR,Atlanta Falcons,,
ae789c73-1ed1-4d07-8e67-ab743fc9fd72,KeAndre,Lambert-Smith,,0.2,,WR,Los Angeles Chargers,,
25db6044-63e7-4996-90c9-682728374f0e,Charlie,Jones,,0.1,,WR,Cincinnati Bengals,,
25bb24ef-b6ce-4575-ae82-e98ee4eddf7b,Jack,Stoll,,0.1,,TE,New Orleans Saints,,
5d35bf6d-d956-4333-bc81-7ba54556b508,Hunter,Renfrow,,0.1,,WR,Carolina Panthers,,
d717824c-4111-4614-9b36-e72bea4e3091,Connor,Heyward,,0.1,,TE,Pittsburgh Steelers,,
3a2b65db-1916-429e-a08c-66d9d60cb02b,Robert,Tonyan,,0.1,,TE,Kansas City Chiefs,,
f7e2d01a-1dc3-4d76-b341-ffa480d7da92,Nikko,Remigio,,0.1,,WR,Kansas City Chiefs,,
8fdc0e8f-9be6-436b-9bfd-d39d9dcecf49,Dameon,Pierce,,0.1,,RB,Houston Texans,,
8cf4c4c6-cdd9-4a5f-bc76-35521b15853d,Ross,Dwelley,,0.1,,TE,Detroit Lions,,
ddef5bdc-53aa-4f1c-811d-9d1d1f2db1af,British,Brooks,,0.1,,RB,Houston Texans,,
620be152-d2d3-490c-b179-7111d51bdc48,Gunner,Olszewski,,0.1,,WR,New York Giants,,
135f8bec-8c4b-4e55-8768-853c04898bfc,Jordan,James,,0.1,,RB,San Francisco 49ers,,
5cb6e9bd-1540-4ab1-bcc1-3ec4754cd3ec,Dylan,Laube,,0.1,,RB,Las Vegas Raiders,,
ba3bce78-ad29-418d-b3d8-eb8a507714fc,Sione,Vaki,,0.1,,RB,Detroit Lions,QUESTIONABLE,
2d0ee1e4-31d0-4ae0-b323-e5bc41751e00,Tai,Felton,,0.1,,WR,Minnesota Vikings,,
ffc11607-f6e6-46cf-a554-2d2435cfc773,Jermaine,Burton,,0,,WR,Cincinnati Bengals,,
b249c1c4-1ded-43a7-afca-a11299b37a50,Will,Mallory,,0,,TE,Indianapolis Colts,,
57e31f48-83ec-4096-be7e-371506e464bc,Tim,Patrick,,0,,WR,Jacksonville Jaguars,OUT,
57f3008b-e64d-48d7-b72e-02f2d3456a48,Trey,Lance,,0,,QB,Los Angeles Chargers,,
58143482-62fe-469b-a7c6-d56cf5337ab1,Tank,Dell,,0,,WR,Houston Texans,OUT,
5917c911-521a-41c8-94bf-115bb3f70b6e,Rhamondre,Stevenson,,0,RB20,RB,New England Patriots,OUT,
6031d23e-6d6d-4a6d-ba15-be10e47513ad,Malik,Nabers,,0,,WR,New York Giants,OUT,
64d470f2-dabb-475e-b37d-f6379a676b9d,Kirk,Cousins,,0,,QB,Atlanta Falcons,,
68fdfdae-a2d4-4676-b62a-586048ea8f72,Tommy,DeVito,,0,,QB,New England Patriots,,
6a607f47-1439-4f6b-890c-a85930135d20,Nick,Mullens,,0,,QB,Jacksonville Jaguars,,
6a77b209-ab2d-4e0f-8461-d8f98009de33,Stetson,Bennett,,0,,QB,Los Angeles Rams,,
6e2c70e9-9405-4375-83e7-20adaf7f4de3,Cam,Skattebo,,0,,RB,New York Giants,OUT,
739f156b-6c55-4770-9a4b-0d21ad569a77,Russell,Gage,,0,,WR,San Francisco 49ers,,
773b83e4-5dd0-429c-80d7-9ed19fda04a3,Joshua,Palmer,,0,,WR,Buffalo Bills,OUT,
77bb11a7-ca23-4756-8304-f94214d5545f,Brandon,Allen,,0,,QB,Tennessee Titans,,
7d085590-aa3d-46e5-be1b-391049991913,Rondale,Moore,,0,,WR,Minnesota Vikings,OUT,
7ef30ff2-8d25-4e99-8834-23cf0527652c,Skylar,Thompson,,0,,QB,Pittsburgh Steelers,OUT,
83509c3a-db9f-41a2-a5d8-61929e2622ff,Spencer,Rattler,,0,,QB,New Orleans Saints,,
85e084e2-a53f-438e-a9b9-95a238d6ee31,Travis,Hunter,,0,WR13,WR,Jacksonville Jaguars,OUT,
88f7bd56-be68-43e2-aab4-8359552361b5,Anthony,Gould,,0,,WR,Indianapolis Colts,OUT,
8b4582d7-2eaa-4527-8419-95d2870d8442,Tanner,Hudson,,0,,TE,Cincinnati Bengals,,
8b6df09c-75b5-45e9-b3c9-9b76bda362a8,Daniel,Bellinger,,0,,TE,New York Giants,DOUBTFUL,
8d3a0aed-e968-49af-9728-6e726b7c45d3,Antonio,Gibson,,0,,RB,New England Patriots,OUT,
8e9fb958-fc28-474f-8318-f5df54f667cc,Najee,Harris,,0,,RB,Los Angeles Chargers,OUT,
915232ed-b233-4876-ae33-6c8cda3ea2a4,Justin,Watson,,0,,WR,Houston Texans,OUT,
919a8292-5d76-43ac-8b08-9eb3349a913b,Russell,Wilson,,0,,QB,New York Giants,,
92b3f151-b9d1-4e06-93ac-0496864c6bcf,Patrick,Taylor,,0,,RB,San Francisco 49ers,OUT,
9c354b48-1948-48ef-9099-c5072b040cb5,Malik,Willis,,0,,QB,Green Bay Packers,,
9da5e9b0-e8a3-4100-818c-c86b58078d53,Aidan,O'Connell,,0,,QB,Las Vegas Raiders,OUT,
9ee9405c-8c97-4213-bdf7-a7c5f3813a78,Casey,Washington,,0,,WR,Atlanta Falcons,OUT,
a261a7f9-1cb8-45aa-b6ea-a46682cd678b,MarShawn,Lloyd,,0,,RB,Green Bay Packers,OUT,
a4bed05e-92fd-41e5-a531-96fc06f9d5a9,Lucas,Krull,,0,,TE,Denver Broncos,OUT,
a55aa649-b7fb-424b-b23f-93a74336fa7a,Mike,Gesicki,,0,,TE,Cincinnati Bengals,OUT,
a95ff9b7-b3cb-4974-9198-a7e692f7a722,D'Andre,Swift,,0,RB9,RB,Chicago Bears,OUT,
aa6b2491-836e-4d5a-b254-a066efee0d50,Mason,Rudolph,,0,,QB,Pittsburgh Steelers,,
b18bb648-92a7-4188-823d-40558312b93f,Joe,Burrow,,0,,QB,Cincinnati Bengals,OUT,
b19fafde-0c1a-48f5-b1ae-e4d1cda61910,Jarrett,Stidham,,0,,QB,Denver Broncos,,
b2b84e57-054e-432f-8faf-93805d4bfc4b,Jonathon,Brooks,,0,,RB,Carolina Panthers,OUT,
b3045744-7de9-4438-882a-6d6067b64c8b,Luther,Burden,,0,,WR,Chicago Bears,OUT,
b4ac735f-2a8c-4688-95d2-567a9afcb0ce,Will,Howard,,0,,QB,Pittsburgh Steelers,OUT,
b5891607-6eac-4746-a9f4-681c80d050b9,Nate,Adkins,,0,,TE,Denver Broncos,OUT,
b9ca61d3-1bde-4b7e-86a9-54b01e3a1dfc,Davis,Mills,,0,,QB,Houston Texans,,
ba29ef9d-cebe-4976-b872-6b5eab4eff97,Donald,Parham Jr.,,0,,TE,Pittsburgh Steelers,OUT,
bda2a6cc-f014-4b3f-9773-d36b815acabd,Omarion,Hampton,,0,,RB,Los Angeles Chargers,OUT,
bfeb7f4b-0b49-4a66-8870-af2a79657c2f,Josh,Oliver,,0,,TE,Minnesota Vikings,OUT,
c29b8eec-8deb-4f02-9589-8b3269e25410,Kenny,Yeboah,,0,,TE,Detroit Lions,OUT,
c5afe6ac-db94-4774-834d-81313133248f,Cam,Akers,,0,,RB,Minnesota Vikings,,
ca5ebc47-3b86-414c-986d-56d4e6339097,Bub,Means,,0,,WR,New Orleans Saints,OUT,
cd02b1a3-3bb8-4c37-9eaf-9c499fda5e34,Tyson,Bagent,,0,,QB,Chicago Bears,,
d092bfd6-e874-49ad-b9c0-ce7dad591303,Brenton,Strange,,0,,TE,Jacksonville Jaguars,OUT,
d0dfafa9-6ef6-4a3f-a3e2-a7f026d26318,C.J.,Ham,,0,,RB,Minnesota Vikings,OUT,
ddae9904-b69c-4727-8a51-2ea03f5e93bd,Calvin,Ridley,,0,WR48,WR,Tennessee Titans,OUT,
debf6582-ab24-465f-99c2-9d94dba5e315,Kenny,Pickett,,0,,QB,Las Vegas Raiders,,
e307bfaf-6915-4a52-8d81-5c558613cb6b,Kalel,Mullings,,0,,RB,Tennessee Titans,OUT,
e3bb0d95-61fc-4c8e-87aa-3b32942ebb28,Isiah,Pacheco,,0,RB22,RB,Kansas City Chiefs,OUT,
e571212a-4df5-49b1-a7ac-afb48332f3fa,Hassan,Haskins,,0,,RB,Los Angeles Chargers,OUT,
e8de7325-46d7-4f4f-8600-06276ebb1ecf,Tutu,Atwell,,0,,WR,Los Angeles Rams,OUT,
e9df8b89-7867-48ae-b5f5-bad5ffa7d6dc,Jake,Briningstool,,0,,TE,Kansas City Chiefs,OUT,
ed255a38-e724-4e16-b0d7-db09976b6f5d,Case,Keenum,,0,,QB,Chicago Bears,,
f61630d1-611a-410a-a872-769fae718d32,Jacob,Cowing,,0,,WR,San Francisco 49ers,OUT,
00ab43ea-34ff-4034-a946-c1c925249e39,Trey,Palmer,,0,,WR,New Orleans Saints,OUT,
034ef316-502b-4db2-b84a-ce4517dece9a,Shane,Zylstra,,0,,TE,Detroit Lions,OUT,
07ef6777-6b92-482f-a6c8-44f205d8c254,Marvin,Mims Jr.,,0,,WR,Denver Broncos,OUT,
097ef22f-773b-4226-913f-b6b81d962e6b,Kyle,Allen,,0,,QB,Detroit Lions,,
14a67278-cb2a-43cd-90e9-ee3cb30c3f8c,Jake,Browning,,0,,QB,Cincinnati Bengals,,
16c0d56a-ee3c-4bdd-a8be-f7087369e79c,Lan,Larison,,0,,RB,New England Patriots,OUT,
1a67563c-353d-43d6-a0bb-00e746b48527,James,Proche,,0,,WR,Tennessee Titans,,
1c904649-ecf8-4bf3-81ee-dc1e004b0d1b,Anthony,Richardson,,0,,QB,Indianapolis Colts,OUT,
1eb2e6cd-372e-4f14-ab2d-be2254509902,Jameis,Winston,,0,,QB,New York Giants,,
1f9c744d-e3b1-4bb7-ab62-345453c6d66d,Brevin,Jordan,,0,,TE,Houston Texans,OUT,
2089ef6e-20f9-47bf-a370-edccc71e7dfc,Eric,Gray,,0,,RB,New York Giants,OUT,
2126b6d4-7680-4ae4-b954-03e72be35f07,Will,Levis,,0,,QB,Tennessee Titans,OUT,
26253d7a-b314-49bf-8eb3-90c6ba83fcad,Carson,Wentz,,0,,QB,Minnesota Vikings,OUT,
2c8a5e80-3ed8-4c95-9be8-3c6f453cd903,Joe,Mixon,,0,,RB,Houston Texans,OUT,
2d51c936-4bf9-48ca-9411-ab42f0202c1b,David,Moore,,0,,WR,Carolina Panthers,OUT,
324c7ac7-95d1-46c6-a105-7a5c127d8da7,Ja'Lynn,Polk,,0,,WR,New Orleans Saints,OUT,
34134f02-434d-4897-a68a-faf15975df2b,Craig,Reynolds,,0,,RB,Detroit Lions,OUT,
3444446e-dcc7-4a70-9646-915c6c5537c0,Roschon,Johnson,,0,,RB,Chicago Bears,OUT,
349ba64d-b503-425a-8c91-e1bc50d6100f,Brandon,Aiyuk,,0,,WR,San Francisco 49ers,OUT,
3591930c-3d71-484c-9601-b4261f7f645e,Andy,Dalton,,0,,QB,Carolina Panthers,QUESTIONABLE,
37ac4328-6830-4d0e-827d-7e6159b68b4c,Gardner,Minshew II,,0,,QB,Kansas City Chiefs,,
3808d0ea-4aad-48b0-820b-cd8f1d175689,Scotty,Miller,,0,,WR,Pittsburgh Steelers,OUT,
3c26b485-0c27-4754-92cf-7dddb7f0348f,Braxton,Berrios,,0,,WR,Houston Texans,,
3e31f304-221b-4c64-baeb-db6d19bf9638,Jayden,Reed,,0,,WR,Green Bay Packers,OUT,
40f2140a-fcc6-49f2-98ed-146bb43f8cd1,Ricky,Pearsall,,0,WR51,WR,San Francisco 49ers,OUT,
47c3dcd8-5d2a-4534-8543-27021c9be7ab,Mitchell,Trubisky,,0,,QB,Buffalo Bills,,
4815bdac-3774-4430-b6c1-9e22d84ba65e,Joshua,Dobbs,,0,,QB,New England Patriots,,
4934412a-87bd-4c1c-a054-dd0a8d8d74cc,Ty,Chandler,,0,,RB,Minnesota Vikings,OUT,
4c35d444-976f-48e2-a74c-93cf8e77c531,Dontayvion,Wicks,,0,,WR,Green Bay Packers,OUT,
4cf9b6fc-0639-4d62-bd10-1e01279a838b,Cade,Stover,,0,,TE,Houston Texans,OUT,
4e2c7e89-40d0-4f12-84c0-854c96c65a27,Zavier,Scott,,0,,RB,Minnesota Vikings,,
53c5ef1e-fc1d-4cfb-aa8b-2bde3c32f7b1,Quintin,Morris,,0,,TE,Jacksonville Jaguars,OUT,
548d974b-d61b-4a2d-883e-120ee58e83bd,Jimmy,Garoppolo,,0,,QB,Los Angeles Rams,,
562b1606-6a8d-4584-84f6-8024dfc4fee4,Kendre,Miller,,0,,RB,New Orleans Saints,OUT,