"Player","FD Pos","Team","Opp","FD Salary","FD Proj","FD Value","Small Field","Large Field","FD Floor","FD Ceiling","id"
"Jonathan Taylor","RB","IND","@PIT","$11,000","22.2","2.5","7.6%","7.8%","9.5","37.3","122147-89675"
"Ja'Marr Chase","WR","CIN","CHI","$9,700","19.1","1.9","15.6%","20.2%","7.8","32.6","122147-85701"
"Puka Nacua","WR","LA","NO","$9,500","18.9","2.1","15.6%","16.4%","7.6","32.9","122147-103020"
"Christian McCaffrey","RB","SF","@NYG","$9,500","22.8","6.0","38.4%","28.4%","10.4","37.8","122147-55050"
"Josh Jacobs","RB","GB","CAR","$9,400","17.8","1.2","6.0%","7.2%","6.8","31.3","122147-72731"
"Amon-Ra St. Brown","WR","DET","MIN","$9,100","17.1","1.1","15.6%","13.8%","6.3","30.9","122147-86997"
"Bijan Robinson","RB","ATL","@NE","$9,000","19.1","3.3","20.4%","18.1%","8.4","32.7","122147-136855"
"Josh Allen","QB","BUF","KC","$8,900","22.3","1.0","4.8%","6.2%","12.1","33.9","122147-62239"
"Jahmyr Gibbs","RB","DET","MIN","$8,900","18.6","3.0","10.0%","12.6%","7.4","32.6","122147-129368"
"Justin Jefferson","WR","MIN","@DET","$8,700","14.6","-0.6","6.0%","6.6%","4.7","26.8","122147-85671"
"Patrick Mahomes","QB","KC","@BUF","$8,500","23.1","2.9","12.4%","10.7%","13.1","34.6","122147-57439"
"Davante Adams","WR","LA","NO","$8,500","13.7","-1.2","1.2%","3.3%","3.9","26.4","122147-45889"
"James Cook III","RB","BUF","KC","$8,400","15.2","0.5","11.2%","8.1%","5.5","28.4","122147-91626"
"Rashee Rice","WR","KC","@BUF","$8,200","14.7","0.5","25.2%","20.8%","5.4","27.1","122147-111311"
"Justin Herbert","QB","LAC","@TEN","$8,100","21.1","2.2","6.8%","6.1%","11.8","32.4","122147-69189"
"Rome Odunze","WR","CHI","@CIN","$8,000","12.6","-1.3","4.8%","5.3%","3.3","25.1","122147-120033"
"Bo Nix","QB","DEN","@HOU","$8,000","16.8","-1.8","0.4%","0.8%","8.7","26.4","122147-102965"
"Kyren Williams","RB","LA","NO","$8,000","16.8","2.9","26.4%","23.0%","6.3","30.3","122147-104433"
"Nico Collins","WR","HOU","DEN","$7,900","13.4","-0.2","0.2%","0.9%","4.2","25.4","122147-91419"
"Daniel Jones","QB","IND","@PIT","$7,900","19.7","1.3","2.8%","4.1%","10.7","31.0","122147-63519"
"Ladd McConkey","WR","LAC","@TEN","$7,800","13.1","-0.3","4.0%","5.9%","4.2","25.0","122147-133472"
"Drake Maye","QB","NE","ATL","$7,800","20.8","2.7","6.8%","8.2%","11.4","31.9","122147-152316"
"Drake London","WR","ATL","@NE","$7,700","12.7","-0.5","0.2%","0.6%","4.1","24.0","122147-112745"
"Kimani Vidal","RB","LAC","@TEN","$7,700","15.4","2.2","12.8%","13.3%","5.9","28.4","122147-128633"
"Matthew Stafford","QB","LA","NO","$7,700","19.5","1.8","5.6%","5.3%","10.7","30.4","122147-6654"
"Jared Goff","QB","DET","MIN","$7,600","18.3","0.8","4.4%","4.1%","9.8","29.0","122147-38435"
"DK Metcalf","WR","PIT","IND","$7,600","12.3","-0.8","7.6%","5.3%","3.3","24.1","122147-73048"
"Courtland Sutton","WR","DEN","@HOU","$7,500","10.2","-2.6","1.6%","2.0%","2.6","20.7","122147-57403"
"Jordan Love","QB","GB","CAR","$7,500","19.0","1.8","10.0%","7.1%","10.3","30.1","122147-69017"
"Jordan Addison","WR","MIN","@DET","$7,400","9.5","-3.1","0.8%","1.1%","2.3","19.5","122147-129210"
"Jaxson Dart","QB","NYG","SF","$7,400","19.6","2.7","12.0%","9.1%","10.3","30.8","122147-151966"
"Caleb Williams","QB","CHI","@CIN","$7,300","20.2","3.6","6.4%","8.3%","11.1","31.4","122147-152113"
"Tee Higgins","WR","CIN","CHI","$7,300","10.6","-1.8","0.8%","2.9%","2.6","21.4","122147-89981"
"J.K. Dobbins","RB","DEN","@HOU","$7,300","10.5","-1.9","0.4%","0.9%","3.3","20.5","122147-87787"
"Joe Flacco","QB","CIN","CHI","$7,200","17.5","1.3","2.4%","3.9%","8.8","27.8","122147-6714"
"Chase Brown","RB","CIN","CHI","$7,200","13.1","0.9","5.2%","6.3%","4.5","24.5","122147-89493"
"Michael Pittman Jr.","WR","IND","@PIT","$7,200","11.3","-0.9","3.2%","4.9%","3.6","22.1","122147-69213"
"Chris Olave","WR","NO","@LA","$7,100","11.1","-0.9","3.2%","4.9%","3.7","20.8","122147-87770"
"Mac Jones","QB","SF","@NYG","$7,100","18.1","2.2","0.2%","4.5%","9.5","28.6","122147-90584"
"Ashton Jeanty","RB","LV","JAX","$7,000","14.3","2.5","15.6%","15.4%","5.4","25.6","122147-167031"
"Quentin Johnston","WR","LAC","@TEN","$7,000","8.8","-3.0","1.2%","2.2%","1.9","18.7","122147-120639"
"Aaron Rodgers","QB","PIT","IND","$7,000","17.1","1.5","2.4%","3.0%","8.7","27.3","122147-6894"
"D'Andre Swift","RB","CHI","@CIN","$6,900","14.3","2.6","13.2%","15.0%","4.8","26.6","122147-91598"
"Trevor Lawrence","QB","JAX","@LV","$6,900","18.9","3.6","11.6%","7.2%","10.0","29.7","122147-89951"
"Brian Thomas Jr.","WR","JAX","@LV","$6,900","11.7","0.0","13.6%","10.0%","3.3","23.1","122147-151745"
"C.J. Stroud","QB","HOU","DEN","$6,800","17.1","2.0","2.4%","2.3%","8.9","27.0","122147-129471"
"Travis Etienne Jr.","RB","JAX","@LV","$6,800","12.6","1.1","9.2%","11.8%","4.4","23.9","122147-89956"
"Xavier Worthy","WR","KC","@BUF","$6,800","10.2","-1.3","3.2%","4.5%","2.6","20.7","122147-158974"
"Brock Bowers","TE","LV","JAX","$6,800","10.4","-1.1","3.2%","5.2%","3.2","18.8","122147-151794"
"Tetairoa McMillan","WR","CAR","@GB","$6,700","9.5","-1.8","7.2%","5.7%","2.4","18.8","122147-167620"
"Tyler Warren","TE","IND","@PIT","$6,700","11.8","0.5","6.0%","6.7%","3.8","22.0","122147-137530"
"J.J. McCarthy","QB","MIN","@DET","$6,700","16.1","1.3","2.0%","2.7%","8.0","26.0","122147-152575"
"Alvin Kamara","RB","NO","@LA","$6,700","10.2","-1.0","1.6%","2.2%","3.6","19.0","122147-42104"
"Michael Penix Jr.","QB","ATL","@NE","$6,600","14.2","-0.3","1.6%","1.3%","6.8","22.9","122147-88797"
"Keenan Allen","WR","LAC","@TEN","$6,600","10.2","-0.8","2.8%","5.2%","2.8","20.4","122147-29253"
"Jordan Mason","RB","MIN","@DET","$6,600","7.8","-3.3","0.4%","0.5%","1.9","16.0","122147-86875"
"Bryce Young","QB","CAR","@GB","$6,500","12.2","-1.9","0.2%","0.5%","5.5","20.2","122147-119606"
"Jameson Williams","WR","DET","MIN","$6,500","9.5","-1.3","2.0%","4.3%","1.9","20.5","122147-111631"
"Geno Smith","QB","LV","JAX","$6,500","15.5","1.4","3.6%","3.9%","7.7","25.1","122147-26483"
"Jaylen Warren","RB","PIT","IND","$6,500","15.3","4.5","27.6%","24.3%","5.9","27.7","122147-112057"
"Rico Dowdle","RB","CAR","@GB","$6,400","11.3","0.6","2.4%","3.6%","4.0","20.8","122147-72297"
"DJ Moore","WR","CHI","@CIN","$6,400","9.8","-0.9","5.6%","5.8%","2.7","20.0","122147-63043"
"Oronde Gadsden II","TE","LAC","@TEN","$6,400","10.4","-0.3","4.0%","5.4%","3.1","20.4","122147-158438"
"Tyler Shough","QB","NO","@LA","$6,400","13.7","-0.1","0.8%","0.8%","6.9","22.8","122147-88431"
"Cam Ward","QB","TEN","LAC","$6,400","12.2","-1.6","0.8%","0.5%","5.5","20.5","122147-168356"
"Chuba Hubbard","RB","CAR","@GB","$6,300","5.5","-5.0","0.1%","0.8%","1.2","11.5","122147-87467"
"Romeo Doubs","WR","GB","CAR","$6,300","10.3","-0.1","12.4%","10.4%","2.5","21.2","122147-94370"
"Tucker Kraft","TE","GB","CAR","$6,200","11.0","0.7","17.2%","17.4%","3.0","21.4","122147-160303"
"Stefon Diggs","WR","NE","ATL","$6,200","11.5","1.3","14.4%","13.4%","3.5","22.4","122147-25079"
"Khalil Shakir","WR","BUF","KC","$6,100","9.2","-0.9","9.2%","9.2%","2.8","18.2","122147-86518"
"David Montgomery","RB","DET","MIN","$6,100","11.3","1.2","8.0%","7.0%","3.4","22.2","122147-73273"
"Jauan Jennings","WR","SF","@NYG","$6,100","10.2","0.1","2.4%","5.0%","2.8","20.5","122147-61593"
"Travis Hunter","WR","JAX","@LV","$6,000","9.9","0.0","10.8%","10.0%","3.0","19.7","122147-184184"
"Tyrone Tracy Jr.","RB","NYG","SF","$6,000","14.6","4.7","32.8%","24.7%","5.5","26.7","122147-86153"
"George Kittle","TE","SF","@NYG","$6,000","10.8","0.9","12.4%","12.0%","3.0","20.9","122147-39793"
"Troy Franklin","WR","DEN","@HOU","$5,900","7.9","-1.8","2.8%","4.0%","1.8","16.2","122147-151903"
"Woody Marks","RB","HOU","DEN","$5,900","8.6","-1.1","0.8%","1.7%","2.5","17.0","122147-138774"
"Kareem Hunt","RB","KC","@BUF","$5,900","12.0","2.3","5.2%","8.4%","3.7","23.6","122147-45229"
"Kayshon Boutte","WR","NE","ATL","$5,900","7.1","-2.6","1.2%","2.0%","0.9","16.1","122147-119653"
"Wan'Dale Robinson","WR","NYG","SF","$5,900","9.9","0.2","26.0%","19.2%","3.0","19.6","122147-103539"
"RJ Harvey","RB","DEN","@HOU","$5,800","5.6","-3.9","0.1%","1.2%","1.1","12.3","122147-110484"
"Matthew Golden","WR","GB","CAR","$5,800","7.1","-2.4","1.6%","2.1%","1.3","15.7","122147-166916"
"Josh Downs","WR","IND","@PIT","$5,800","8.1","-1.4","3.6%","2.9%","2.1","16.4","122147-129305"
"Travis Kelce","TE","KC","@BUF","$5,800","9.6","0.1","6.8%","7.9%","2.6","18.7","122147-33076"
"Rhamondre Stevenson","RB","NE","ATL","$5,800","11.1","1.7","15.2%","15.3%","3.8","21.5","122147-111540"
"Rashid Shaheed","WR","NO","@LA","$5,800","9.6","0.1","6.8%","5.0%","2.6","18.7","122147-170287"
"Darnell Mooney","WR","ATL","@NE","$5,700","8.1","-1.2","5.2%","5.9%","1.7","16.9","122147-69777"
"Christian Watson","WR","GB","CAR","$5,700","7.2","-2.1","0.8%","1.2%","0.9","16.4","122147-169776"
"Nick Chubb","RB","HOU","DEN","$5,700","7.1","-2.2","0.2%","0.7%","1.8","14.8","122147-53562"
"Alec Pierce","WR","IND","@PIT","$5,700","9.0","-0.3","1.6%","4.6%","1.6","19.6","122147-86312"
"Aaron Jones Sr.","RB","MIN","@DET","$5,700","8.6","-0.7","0.8%","1.7%","2.5","16.9","122147-40442"
"Tyler Allgeier","RB","ATL","@NE","$5,600","5.8","-3.3","0.4%","0.2%","1.2","13.0","122147-90428"
"Christian Kirk","WR","HOU","DEN","$5,600","6.3","-2.8","0.2%","0.5%","1.1","13.6","122147-60858"
"Jayden Higgins","WR","HOU","DEN","$5,600","3.9","-5.2","0.0%","0.2%","0.1","9.8","122147-147315"
"Brashard Smith","RB","KC","@BUF","$5,600","6.8","-2.3","0.2%","1.0%","1.7","14.5","122147-155775"
"Calvin Austin III","WR","PIT","IND","$5,600","7.9","-1.2","1.6%","2.5%","1.5","17.0","122147-90870"
"Sam LaPorta","TE","DET","MIN","$5,500","8.9","0.0","9.2%","9.9%","2.2","17.9","122147-105646"
"Tre Tucker","WR","LV","JAX","$5,500","9.0","0.1","11.6%","9.0%","2.2","18.6","122147-103619"
"Darius Slayton","WR","NYG","SF","$5,500","8.5","-0.4","3.2%","4.4%","1.6","18.1","122147-63819"
"Kenneth Gainwell","RB","PIT","IND","$5,500","6.9","-2.0","0.4%","0.5%","1.8","14.5","122147-90912"
"Tony Pollard","RB","TEN","LAC","$5,500","9.3","0.4","2.4%","3.2%","2.9","18.0","122147-63759"
"Dalton Kincaid","TE","BUF","KC","$5,400","7.6","-1.1","3.2%","3.6%","1.8","15.5","122147-145558"
"Xavier Hutchinson","WR","HOU","DEN","$5,400","3.4","-5.3","0.0%","0.5%","0.0","9.0","122147-119788"
"Hollywood Brown","WR","KC","@BUF","$5,400","5.3","-3.4","1.2%","0.5%","0.6","12.7","122147-86687"
"Jakobi Meyers","WR","LV","JAX","$5,400","9.9","1.2","19.2%","15.6%","2.8","19.7","122147-63634"
"Tyjae Spears","RB","TEN","LAC","$5,400","8.4","-0.3","2.4%","2.2%","2.6","16.5","122147-107293"
"Parker Washington","WR","JAX","@LV","$5,300","4.9","-3.6","1.2%","0.8%","0.5","11.8","122147-137516"
"JuJu Smith-Schuster","WR","KC","@BUF","$5,300","2.9","-5.6","0.0%","0.0%","0.0","8.0","122147-55987"
"TreVeyon Henderson","RB","NE","ATL","$5,300","6.5","-2.0","0.8%","1.1%","1.5","14.2","122147-152647"
"Hunter Henry","TE","NE","ATL","$5,300","7.9","-0.6","2.8%","4.1%","1.6","16.4","122147-40845"
"Devin Singletary","RB","NYG","SF","$5,300","4.2","-4.3","0.1%","0.2%","0.6","10.2","122147-70603"
"Theo Johnson","TE","NYG","SF","$5,300","7.8","-0.7","4.0%","4.3%","1.9","15.7","122147-128810"
"Kendrick Bourne","WR","SF","@NYG","$5,300","7.7","-0.8","3.2%","4.0%","1.7","16.2","122147-80289"
"Chimere Dike","WR","TEN","LAC","$5,300","6.8","-1.7","1.2%","4.7%","1.5","13.8","122147-129112"
"Keon Coleman","WR","BUF","KC","$5,200","8.6","0.3","17.6%","10.0%","1.9","18.1","122147-157467"
"Kyle Monangai","RB","CHI","@CIN","$5,200","8.1","-0.2","2.4%","2.6%","2.1","17.0","122147-144102"
"Emanuel Wilson","RB","GB","CAR","$5,200","7.3","-1.0","0.4%","0.5%","1.7","15.6","122147-185861"
"Jaylin Noel","WR","HOU","DEN","$5,200","4.3","-4.0","0.1%","0.3%","0.4","10.3","122147-152007"
"T.J. Hockenson","TE","MIN","@DET","$5,200","6.3","-2.0","0.4%","1.3%","1.4","12.6","122147-71706"
"Pat Freiermuth","TE","PIT","IND","$5,200","5.0","-3.4","0.1%","0.2%","0.6","11.3","122147-86244"
"Elic Ayomanor","WR","TEN","LAC","$5,200","7.7","-0.6","1.2%","2.9%","1.6","15.9","122147-172861"
"Kyle Pitts Sr.","TE","ATL","@NE","$5,100","8.2","0.1","20.4%","15.8%","2.4","15.8","122147-86080"
"Xavier Legette","WR","CAR","@GB","$5,100","5.3","-2.8","0.4%","0.9%","0.8","11.6","122147-114198"
"Olamide Zaccheaus","WR","CHI","@CIN","$5,100","7.7","-0.4","8.0%","5.3%","1.8","16.4","122147-64496"
"Samaje Perine","RB","CIN","CHI","$5,100","7.3","-0.8","0.8%","1.6%","1.8","15.6","122147-52451"
"Dyami Brown","WR","JAX","@LV","$5,100","5.8","-2.3","0.4%","0.8%","0.9","12.9","122147-93538"
"Blake Corum","RB","LA","NO","$5,100","6.6","-1.5","0.2%","0.6%","1.4","14.7","122147-137967"
"Jordan Whittington","WR","LA","NO","$5,100","5.5","-2.6","0.4%","0.2%","0.8","12.9","122147-103195"
"Juwan Johnson","TE","NO","@LA","$5,100","6.6","-1.5","0.4%","2.2%","1.7","12.8","122147-64808"
"Jonnu Smith","TE","PIT","IND","$5,100","6.4","-1.7","1.2%","1.0%","1.4","13.4","122147-48116"
"Noah Fant","TE","CIN","CHI","$5,000","5.0","-2.9","0.4%","0.8%","0.9","10.9","122147-71705"
"Marvin Mims Jr.","WR","DEN","@HOU","$5,000","5.3","-2.6","0.1%","0.2%","0.8","11.7","122147-120093"
"Evan Engram","TE","DEN","@HOU","$5,000","6.4","-1.5","2.4%","1.6%","1.6","13.0","122147-41872"
"Bhayshul Tuten","RB","JAX","@LV","$5,000","5.5","-2.4","0.1%","0.2%","1.0","12.6","122147-160620"
"Michael Mayer","TE","LV","JAX","$5,000","3.0","-4.9","0.0%","0.1%","0.2","8.4","122147-138998"
"DeMario Douglas","WR","NE","ATL","$5,000","5.1","-2.8","0.1%","0.5%","0.7","11.9","122147-111876"
"Taysom Hill","TE","NO","@LA","$5,000","3.4","-4.5","0.0%","0.0%","-0.2","7.7","122147-45565"
"Roman Wilson","WR","PIT","IND","$5,000","3.6","-4.3","0.0%","0.4%","0.0","9.7","122147-138037"
"Brian Robinson Jr.","RB","SF","@NYG","$5,000","4.0","-3.9","0.0%","0.0%","0.5","9.9","122147-90562"
"Demarcus Robinson","WR","SF","@NYG","$5,000","4.6","-3.3","0.1%","0.2%","0.2","11.6","122147-38264"
"Green Bay Packers","D","GB","CAR","$5,000","8.9","1.0","3.6%","3.7%","2.7","16.5","122147-12533"
"Elijah Moore","WR","BUF","KC","$4,900","5.2","-2.5","0.1%","0.2%","0.6","12.3","122147-88575"
"Jalen Coker","WR","CAR","@GB","$4,900","5.2","-2.5","0.8%","0.5%","0.8","11.4","122147-201547"
"Andrei Iosivas","WR","CIN","CHI","$4,900","4.9","-2.8","0.1%","0.7%","0.5","11.7","122147-185593"
"Dalton Schultz","TE","HOU","DEN","$4,900","6.5","-1.2","6.8%","4.2%","1.4","13.3","122147-55042"
"Tyquan Thornton","WR","KC","@BUF","$4,900","0.9","-6.8","0.0%","0.0%","0.0","3.7","122147-89220"
"Noah Gray","TE","KC","@BUF","$4,900","3.5","-4.2","0.0%","0.1%","0.1","8.9","122147-93143"
"Zavier Scott","RB","MIN","@DET","$4,900","0.2","-7.5","0.0%","0.0%","0.0","0.9","122147-92677"
"Devin Neal","RB","NO","@LA","$4,900","3.2","-4.6","0.0%","0.0%","0.3","7.9","122147-154971"
"Los Angeles Rams","D","LA","NO","$4,900","9.5","1.8","7.2%","8.8%","3.0","17.2","122147-12538"
"Ja'Tavion Sanders","TE","CAR","@GB","$4,800","4.4","-3.2","0.4%","0.2%","0.7","9.4","122147-158983"
"Colston Loveland","TE","CHI","@CIN","$4,800","7.3","-0.2","2.4%","2.8%","1.6","15.4","122147-166588"
"Pat Bryant","WR","DEN","@HOU","$4,800","3.3","-4.2","0.0%","0.1%","0.0","8.4","122147-155551"
"Chris Brooks","RB","GB","CAR","$4,800","0.4","-7.1","0.0%","0.0%","0.0","1.8","122147-91488"
"Jaret Patterson","RB","LAC","@TEN","$4,800","3.1","-4.4","0.0%","0.0%","0.2","8.5","122147-88699"
"Tre' Harris","WR","LAC","@TEN","$4,800","3.0","-4.5","0.0%","0.0%","0.0","8.5","122147-129546"
"Jalen Nailor","WR","MIN","@DET","$4,800","4.0","-3.5","0.4%","0.3%","0.2","9.9","122147-92859"
"Mack Hollins","WR","NE","ATL","$4,800","5.3","-2.2","1.6%","1.4%","0.5","12.6","122147-25267"
"Darnell Washington","TE","PIT","IND","$4,800","3.3","-4.2","0.0%","0.1%","0.1","8.4","122147-133477"
"Los Angeles Chargers","D","LAC","@TEN","$4,800","10.0","2.5","8.0%","8.5%","3.5","17.9","122147-12548"
"Nathan Carter","RB","ATL","@NE","$4,700","0.1","-7.2","0.0%","0.0%","0.0","0.7","122147-128765"
"KhaDarel Hodge","WR","ATL","@NE","$4,700","0.2","-7.1","0.0%","0.1%","0.0","0.8","122147-85306"
"Ray Davis","RB","BUF","KC","$4,700","1.8","-5.6","0.0%","0.0%","0.0","5.7","122147-103694"
"Adonai Mitchell","WR","IND","@PIT","$4,700","0.1","-7.2","0.0%","0.0%","0.0","0.5","122147-151789"
"Tyler Higbee","TE","LA","NO","$4,700","3.9","-3.5","0.0%","0.6%","0.3","9.5","122147-47870"
"Brandin Cooks","WR","NO","@LA","$4,700","2.7","-4.7","0.0%","0.0%","0.0","6.8","122147-29501"
"Jake Tonges","TE","SF","@NYG","$4,700","0.7","-6.7","0.0%","0.0%","0.0","2.6","122147-91467"
"Van Jefferson","WR","TEN","LAC","$4,700","6.3","-1.0","0.2%","0.6%","1.1","13.6","122147-64581"
"Chig Okonkwo","TE","TEN","LAC","$4,700","5.4","-1.9","1.2%","0.6%","1.1","11.1","122147-88297"
"New England Patriots","D","NE","ATL","$4,700","6.6","-0.7","1.2%","2.2%","1.1","13.5","122147-12541"
"David Sills V","WR","ATL","@NE","$4,600","2.4","-4.8","0.0%","0.1%","0.0","6.5","122147-61555"
"Luke Musgrave","TE","GB","CAR","$4,600","1.3","-5.8","0.0%","0.0%","0.0","4.5","122147-113228"
"Raheem Mostert","RB","LV","JAX","$4,600","3.5","-3.6","0.0%","0.0%","0.3","8.8","122147-28744"
"Jack Bech","WR","LV","JAX","$4,600","2.2","-5.0","0.0%","0.1%","0.0","6.4","122147-151741"
"Terrance Ferguson","TE","LA","NO","$4,600","3.3","-3.9","0.0%","0.1%","0.0","8.9","122147-151915"
"Daniel Bellinger","TE","NYG","SF","$4,600","2.9","-4.3","0.0%","0.3%","0.0","7.6","122147-90307"
"Kaleb Johnson","RB","PIT","IND","$4,600","0.3","-6.8","0.0%","0.0%","0.0","1.3","122147-168916"
"Ben Skowronek","WR","PIT","IND","$4,600","0.5","-6.6","0.0%","0.0%","0.0","2.0","122147-71105"
"Gunnar Helm","TE","TEN","LAC","$4,600","4.3","-2.9","0.1%","0.2%","0.5","9.6","122147-152148"
"Detroit Lions","D","DET","MIN","$4,600","8.5","1.4","4.8%","7.4%","2.2","16.1","122147-12532"
"Ty Johnson","RB","BUF","KC","$4,500","2.6","-4.3","0.0%","0.0%","0.0","7.5","122147-63050"
"Curtis Samuel","WR","BUF","KC","$4,500","2.5","-4.5","0.0%","0.0%","0.0","6.8","122147-52613"
"Tommy Tremble","TE","CAR","@GB","$4,500","2.6","-4.3","0.0%","0.0%","0.0","6.5","122147-91101"
"Kalif Raymond","WR","DET","MIN","$4,500","2.9","-4.0","0.0%","0.0%","0.0","8.4","122147-70422"
"John FitzPatrick","TE","GB","CAR","$4,500","1.5","-5.5","0.0%","0.0%","0.0","4.9","122147-91618"
"Braxton Berrios","WR","HOU","DEN","$4,500","0.1","-6.8","0.0%","0.0%","0.0","0.4","122147-52495"
"Hunter Long","TE","JAX","@LV","$4,500","4.4","-2.5","1.2%","1.1%","0.6","10.3","122147-93075"
"Dont'e Thornton Jr.","WR","LV","JAX","$4,500","1.6","-5.3","0.0%","0.0%","0.0","5.5","122147-151909"
"Colby Parkinson","TE","LA","NO","$4,500","1.3","-5.7","0.0%","0.0%","0.0","4.3","122147-89588"
"Adam Thielen","WR","MIN","@DET","$4,500","1.2","-5.7","0.0%","0.0%","0.0","4.0","122147-39716"
"Devaughn Vele","WR","NO","@LA","$4,500","1.5","-5.4","0.0%","0.0%","0.0","4.5","122147-103511"
"Beaux Collins","WR","NYG","SF","$4,500","1.6","-5.4","0.0%","0.0%","0.0","5.2","122147-152717"
"Denver Broncos","D","DEN","@HOU","$4,500","7.3","0.4","4.4%","4.2%","1.3","14.7","122147-12531"
"Casey Washington","WR","ATL","@NE","$4,400","0.1","-6.6","0.0%","0.0%","0.0","0.4","122147-112037"
"Trevor Etienne","RB","CAR","@GB","$4,400","0.3","-6.4","0.0%","0.0%","0.0","1.5","122147-172646"
"Jimmy Horn Jr.","WR","CAR","@GB","$4,400","2.0","-4.7","0.0%","0.0%","-0.1","5.7","122147-157438"
"Malik Heath","WR","GB","CAR","$4,400","1.9","-4.9","0.0%","0.0%","0.0","6.1","122147-138786"
"Robert Tonyan","TE","KC","@BUF","$4,400","0.1","-6.6","0.0%","0.0%","0.0","0.6","122147-80353"
"Tyler Conklin","TE","LAC","@TEN","$4,400","0.2","-6.5","0.0%","0.0%","0.0","0.6","122147-60451"
"Konata Mumpfield","WR","LA","NO","$4,400","0.3","-6.5","0.0%","0.0%","0.0","1.1","122147-154000"
"Austin Hooper","TE","NE","ATL","$4,400","2.5","-4.2","0.0%","0.1%","0.0","7.2","122147-40126"
"Lil'Jordan Humphrey","WR","NYG","SF","$4,400","2.1","-4.6","0.0%","0.8%","0.0","6.2","122147-71031"
"San Francisco 49ers","D","SF","@NYG","$4,400","7.2","0.5","1.2%","1.9%","1.2","14.5","122147-12549"
"Tyrell Shavers","WR","BUF","KC","$4,300","1.3","-5.2","0.0%","0.1%","0.0","4.5","122147-90583"
"Dawson Knox","TE","BUF","KC","$4,300","2.5","-4.0","0.0%","0.2%","0.0","7.0","122147-64585"
"Jackson Hawes","TE","BUF","KC","$4,300","1.2","-5.3","0.0%","0.0%","0.0","4.2","122147-200291"
"Drew Sample","TE","CIN","CHI","$4,300","1.3","-5.2","0.0%","0.0%","0.0","4.2","122147-56711"
"Brock Wright","TE","DET","MIN","$4,300","1.6","-4.9","0.0%","0.0%","0.0","5.1","122147-91046"
"Savion Williams","WR","GB","CAR","$4,300","1.9","-4.6","0.0%","0.0%","-0.1","6.4","122147-120642"
"Harrison Bryant","TE","HOU","DEN","$4,300","0.7","-5.9","0.0%","0.0%","0.0","2.6","122147-70601"
"Ameer Abdullah","RB","IND","@PIT","$4,300","2.9","-3.6","0.0%","0.0%","0.1","8.2","122147-27229"
"Tim Patrick","WR","JAX","@LV","$4,300","1.2","-5.4","0.0%","0.0%","0.0","4.2","122147-57091"
"Johnny Mundt","TE","JAX","@LV","$4,300","2.4","-4.1","0.0%","0.0%","0.0","6.7","122147-40371"
"Nyheim Miller-Hines","RB","LAC","@TEN","$4,300","0.3","-6.3","0.0%","0.0%","0.0","1.3","122147-63625"
"Xavier Smith","WR","LA","NO","$4,300","0.3","-6.3","0.0%","0.1%","0.0","1.1","122147-113096"
"Davis Allen","TE","LA","NO","$4,300","1.5","-5.0","0.0%","0.0%","0.0","5.1","122147-102831"
"Ben Yurosek","TE","MIN","@DET","$4,300","0.6","-5.9","0.0%","0.0%","0.0","2.5","122147-133180"
"Ke'Shawn Williams","WR","PIT","IND","$4,300","0.1","-6.4","0.0%","0.0%","0.0","0.5","122147-138854"
"Jordan Watkins","WR","SF","@NYG","$4,300","0.5","-6.1","0.0%","0.0%","0.0","1.9","122147-134014"
"Pittsburgh Steelers","D","PIT","IND","$4,300","4.5","-2.1","0.1%","1.5%","-0.9","11.1","122147-12547"
"Charlie Woerner","TE","ATL","@NE","$4,200","0.6","-5.7","0.0%","0.0%","0.0","2.4","122147-71351"
"Mitchell Evans","TE","CAR","@GB","$4,200","1.0","-5.3","0.0%","0.0%","0.0","3.4","122147-154124"
"Tahj Brooks","RB","CIN","CHI","$4,200","0.2","-6.2","0.0%","0.0%","0.0","0.8","122147-137122"
"Mitch Tinsley","WR","CIN","CHI","$4,200","0.3","-6.1","0.0%","0.0%","0.0","1.0","122147-128912"
"Tanner Hudson","TE","CIN","CHI","$4,200","2.9","-3.4","0.0%","0.1%","0.0","7.6","122147-83117"
"Tyler Badie","RB","DEN","@HOU","$4,200","1.3","-5.0","0.0%","0.0%","0.0","4.2","122147-94887"
"Adam Trautman","TE","DEN","@HOU","$4,200","0.9","-5.4","0.0%","0.0%","0.0","3.2","122147-130270"
"Nate Adkins","TE","DEN","@HOU","$4,200","1.8","-4.6","0.0%","0.0%","0.0","5.3","122147-173626"
"Isaac TeSlaa","WR","DET","MIN","$4,200","1.8","-4.6","0.0%","0.0%","0.0","6.1","122147-183488"
"Dare Ogunbowale","RB","HOU","DEN","$4,200","0.5","-5.8","0.0%","0.0%","0.0","2.2","122147-28827"
"Ashton Dulin","WR","IND","@PIT","$4,200","1.6","-4.7","0.0%","0.0%","0.0","5.5","122147-104012"
"LeQuint Allen Jr.","RB","JAX","@LV","$4,200","1.5","-4.8","0.0%","0.0%","0.0","4.9","122147-166749"
"Derius Davis","WR","LAC","@TEN","$4,200","0.3","-6.1","0.0%","0.0%","0.0","1.4","122147-94621"
"Terrell Jennings","RB","NE","ATL","$4,200","0.5","-5.8","0.0%","0.0%","0.0","2.3","122147-114787"
"Mason Tipton","WR","NO","@LA","$4,200","0.1","-6.2","0.0%","0.0%","0.0","0.4","122147-201260"
"Kyle Juszczyk","RB","SF","@NYG","$4,200","2.0","-4.4","0.0%","0.0%","0.0","5.8","122147-39428"
"Skyy Moore","WR","SF","@NYG","$4,200","0.7","-5.7","0.0%","0.0%","0.0","2.9","122147-112062"
"Indianapolis Colts","D","IND","@PIT","$4,200","5.5","-0.9","4.0%","2.1%","0.0","12.2","122147-12535"
"Brycen Tremayne","WR","CAR","@GB","$4,100","0.4","-5.8","0.0%","0.0%","0.0","1.4","122147-89627"
"Stephen Carlson","TE","CHI","@CIN","$4,100","0.3","-5.9","0.0%","0.0%","0.0","1.2","122147-104008"
"Tyler Goodson","RB","IND","@PIT","$4,100","0.3","-5.9","0.0%","0.0%","0.0","1.4","122147-105648"
"Anthony Gould","WR","IND","@PIT","$4,100","0.1","-6.0","0.0%","0.0%","0.0","0.5","122147-102882"
"Mo Alie-Cox","TE","IND","@PIT","$4,100","1.6","-4.5","0.0%","0.0%","0.0","5.3","122147-24533"
"Drew Ogletree","TE","IND","@PIT","$4,100","0.3","-5.9","0.0%","0.0%","0.0","1.1","122147-147049"
"Dylan Laube","RB","LV","JAX","$4,100","0.2","-5.9","0.0%","0.0%","0.0","1.1","122147-201230"
"Tai Felton","WR","MIN","@DET","$4,100","0.1","-6.0","0.0%","0.0%","0.0","0.4","122147-152537"
"Kyle Williams","WR","NE","ATL","$4,100","1.3","-4.9","0.0%","0.0%","0.0","4.7","122147-136538"
"Jack Stoll","TE","NO","@LA","$4,100","0.4","-5.7","0.0%","0.0%","0.0","1.5","122147-69451"
"Foster Moreau","TE","NO","@LA","$4,100","0.9","-5.3","0.0%","0.0%","0.0","3.0","122147-60712"
"Connor Heyward","TE","PIT","IND","$4,100","0.5","-5.6","0.0%","0.0%","0.0","2.0","122147-92882"
"Isaac Guerendo","RB","SF","@NYG","$4,100","0.1","-6.1","0.0%","0.0%","0.0","0.4","122147-89644"
"Luke Farrell","TE","SF","@NYG","$4,100","0.5","-5.7","0.0%","0.0%","0.0","2.0","122147-73176"
"Julius Chestnut","RB","TEN","LAC","$4,100","0.1","-6.0","0.0%","0.0%","0.0","0.6","122147-170184"
"David Martin-Robinson","TE","TEN","LAC","$4,100","0.1","-6.0","0.0%","0.0%","0.0","0.5","122147-92479"
"Jacksonville Jaguars","D","JAX","@LV","$4,100","7.7","1.6","4.0%","4.5%","1.5","15.3","122147-12554"
"Feleipe Franks","TE","ATL","@NE","$4,000","0.0","-5.9","0.0%","0.0%","0.0","0.0","122147-69302"
"Teagan Quitoriano","TE","ATL","@NE","$4,000","0.2","-5.7","0.0%","0.0%","0.0","0.8","122147-93026"
"Reggie Gilliam","RB","BUF","KC","$4,000","0.1","-5.8","0.0%","0.0%","0.0","0.5","122147-70426"
"Jahdae Walker","WR","CHI","@CIN","$4,000","0.2","-5.7","0.0%","0.0%","0.0","1.0","122147-193004"
"Devin Duvernay","WR","CHI","@CIN","$4,000","2.8","-3.1","0.0%","0.2%","0.0","8.0","122147-71032"
"Durham Smythe","TE","CHI","@CIN","$4,000","1.0","-4.9","0.0%","0.0%","0.0","3.7","122147-42046"
"Adam Prentice","RB","DEN","@HOU","$4,000","0.4","-5.6","0.0%","0.0%","0.0","1.7","122147-65231"
"Trent Sherfield Sr.","WR","DEN","@HOU","$4,000","0.1","-5.8","0.0%","0.0%","0.0","0.5","122147-56059"
"Jacob Saylors","RB","DET","MIN","$4,000","0.1","-5.8","0.0%","0.0%","0.0","0.6","122147-185827"
"Dominic Lovett","WR","DET","MIN","$4,000","0.1","-5.8","0.0%","0.0%","0.0","0.5","122147-152128"
"Ross Dwelley","TE","DET","MIN","$4,000","0.3","-5.7","0.0%","0.0%","0.0","1.1","122147-83138"
"British Brooks","RB","HOU","DEN","$4,000","0.1","-5.8","0.0%","0.0%","0.0","0.7","122147-93540"
"Elijah Mitchell","RB","KC","@BUF","$4,000","1.0","-5.0","0.0%","0.0%","0.0","3.4","122147-92413"
"Nikko Remigio","WR","KC","@BUF","$4,000","0.1","-5.8","0.0%","0.0%","0.0","0.6","122147-91481"
"Alex Bachman","WR","LV","JAX","$4,000","0.1","-5.8","0.0%","0.0%","0.0","0.5","122147-64634"
"Ian Thomas","TE","LV","JAX","$4,000","0.2","-5.7","0.0%","0.0%","0.0","0.9","122147-72515"
"Tucker Fisk","TE","LAC","@TEN","$4,000","0.4","-5.5","0.0%","0.0%","0.0","1.8","122147-89586"
"Jack Westover","TE","NE","ATL","$4,000","0.1","-5.8","0.0%","0.0%","0.0","0.5","122147-86762"
"Gunner Olszewski","WR","NYG","SF","$4,000","0.1","-5.8","0.0%","0.0%","0.0","0.4","122147-104577"
"Chris Manhertz","TE","NYG","SF","$4,000","0.1","-5.8","0.0%","0.0%","0.0","0.5","122147-18009"
"James Proche II","WR","TEN","LAC","$4,000","0.1","-5.8","0.0%","0.0%","0.0","0.4","122147-63186"
"Mason Kinsey","WR","TEN","LAC","$4,000","0.4","-5.5","0.0%","0.0%","0.0","1.6","122147-130276"
"Chicago Bears","D","CHI","@CIN","$4,000","5.6","-0.3","1.2%","2.2%","0.0","12.6","122147-12527"
"Houston Texans","D","HOU","DEN","$3,900","6.2","0.4","6.4%","6.4%","0.6","13.2","122147-12556"
"Buffalo Bills","D","BUF","KC","$3,800","4.7","-0.9","1.2%","1.5%","-0.8","11.3","122147-12526"
"Kansas City Chiefs","D","KC","@BUF","$3,700","4.5","-0.8","0.4%","0.9%","-0.7","10.9","122147-12536"
"Atlanta Falcons","D","ATL","@NE","$3,600","6.3","1.2","4.8%","5.4%","0.4","13.4","122147-12525"
"Minnesota Vikings","D","MIN","@DET","$3,500","3.2","-1.7","1.2%","1.1%","-1.9","9.4","122147-12540"
"Las Vegas Raiders","D","LV","JAX","$3,400","5.8","1.0","7.2%","6.0%","0.1","12.8","122147-12537"
"New York Giants","D","NYG","SF","$3,300","5.4","0.9","15.6%","12.1%","-0.1","12.3","122147-12543"
"New Orleans Saints","D","NO","@LA","$3,200","3.6","-0.8","0.8%","1.9%","-1.6","9.7","122147-12542"
"Carolina Panthers","D","CAR","@GB","$3,100","3.4","-0.8","0.0%","1.2%","-1.7","9.5","122147-12553"
"Cincinnati Bengals","D","CIN","CHI","$3,000","4.6","0.7","9.6%","7.5%","-0.9","11.3","122147-12528"
"Tennessee Titans","D","TEN","LAC","$3,000","4.9","0.9","13.2%","8.8%","-0.7","11.6","122147-12534"